SYMBOL,Conservative_Log2fc,Combined_pvalue,Adj.p.value_101,Adj.p.value_104,Log2fc_101,Log2fc_104
Gm12185,1.60087567052173,1.9869586612038227e-25,1.26906260308957e-06,2.5250930399220003e-21,1.60087567052173,3.31058632406867
Mettl21e,1.37119798544995,5.408258700603312e-34,1.96983356851665e-08,3.34794433605641e-28,1.37119798544995,4.07963622929108
Rsad2,1.26159910294649,1.8822119594445895e-05,0.0141862495646508,9.11337848227663e-05,1.31007475111329,1.26159910294649
Kcng4,1.24132228184093,6.557608280560008e-12,7.56166677920966e-07,2.87569350047232e-07,1.24132228184093,1.43066204007803
Mt2,1.22389681893781,1.2216181444371527e-09,0.00060129524399,8.21491998525634e-08,1.3782653380826,1.22389681893781
Pnmt,1.13773636139112,6.046487157353897e-05,0.0034444209398564,0.0013197524602274,1.32177783103706,1.13773636139112
Npas2,1.07715521856001,1.955093188353269e-09,6.36874942627536e-06,1.26638318309464e-05,1.83851919328042,1.07715521856001
Lrrc30,0.843829987758699,6.0508885237359556e-15,2.09522212912198e-08,7.730224439837891e-09,0.843829987758699,0.91371067031557
Nrep,0.828517096422241,1.3858989293887413e-22,0.0071545422960933,3.50008369393647e-22,0.828517096422241,1.5561086679249
Mt1,0.821341438175691,3.7150306917887046e-10,0.0003241905102613,4.41248352431834e-08,1.13837228774919,0.821341438175691
Cntfr,0.816377344297674,1.4419229414631626e-68,0.0051065421095214,1.7397971682856401e-68,0.816377344297674,2.52196937652101
Adamts15,0.791585488022542,1.9559692579055806e-12,0.0022085430644856,2.8198585670391398e-11,0.791585488022542,0.932284123437586
Ccdc69,0.771217812395428,1.5155143013433987e-08,0.0037736634504654,1.81716446939189e-07,0.771217812395428,1.07963525172937
Enho,0.767143408479051,2.1754233976777603e-29,2.0929936908454803e-09,1.4584946557389399e-22,0.767143408479051,0.884037972781802
Syt12,0.725269667198254,0.0046676563660527125,0.0204920496229125,0.0267719445849342,0.846548984190597,0.725269667198254
Smad3,0.701245178174418,4.403534062165894e-46,0.0097491835116699,4.10104910927009e-46,0.701245178174418,1.32751995328771
Relt,0.689331351552388,4.288560995935285e-07,0.0008384256316184,2.75230682697164e-05,0.721211680086315,0.689331351552388
Cited4,0.671296925512795,4.612715630321846e-17,0.0017704951290193,6.15023886006097e-16,0.671296925512795,1.00900384054537
Mdga1,0.650641629612545,4.3071836221733065e-06,0.0060202095126711,4.43381825683516e-05,0.650641629612545,1.47786409422078
Tmem178b,0.631076679559234,3.2237778312278284e-16,0.0248879478575622,3.2087025674384e-16,0.631076679559234,1.19138047316963
Sh2d4a,0.617095135873371,1.5479847302803154e-22,0.0012180557815102,2.3009810633401702e-21,0.617095135873371,1.48229791988069
Slc16a9,0.566830533394824,1.149708685674358e-12,0.0003142426547279,1.14491185905273e-10,0.566830533394824,1.00908558871775
Mpp3,0.564635727133509,3.566842953920769e-28,0.0044465045763617,1.17230647377102e-27,0.564635727133509,1.52423507462341
Dyrk2,0.5487977363384,5.350385759149077e-09,7.56166677920966e-07,0.0003051197832464,0.576274761318537,0.5487977363384
Auts2,0.531818130034884,2.115805177511269e-13,0.0030960957224643,2.02772583651409e-12,0.531818130034884,0.63842066143754
Hdac9,0.529015065537481,1.5618192234541771e-06,0.0179407579023508,5.05674620741079e-06,0.529015065537481,0.550044248340149
Cdc42ep2,0.525407559648758,6.4666950514219546e-09,0.0103304448520821,2.72264866778078e-08,0.525407559648758,0.563026707192445
Acsl3,0.524466867010076,4.032169984057528e-06,0.0363368491082834,6.84697836713453e-06,0.524466867010076,0.564756272535511
Gramd1b,0.514091214945493,2.4682797087282725e-09,0.0060202095126711,1.70849260072827e-08,0.514091214945493,0.540743159723336
Adamts3,0.508770586449612,0.004241157301006986,0.0116769424271879,0.0421520554874736,0.725705315662741,0.508770586449612
Rnf122,0.505015828684043,3.5975396498872756e-27,0.0029200841426903,1.86439285482905e-26,0.505015828684043,0.918863780978041
Aldh1l2,0.501300754506074,3.65656532622614e-15,0.0030420498812607,3.17348308162771e-14,0.501300754506074,1.43973434594604
Sec14l5,0.477614563859446,8.479817421520669e-15,7.3082675304578e-06,3.13491330822386e-11,0.477614563859446,0.794608672965954
Bmal1,0.47501047504528,6.557461548644472e-09,8.00761067818808e-08,0.0035639893366303,0.830453279953088,0.47501047504528
Mras,0.469809856174183,0.000317961809167851,0.0069400379830709,0.0039855090601145,0.708185854013957,0.469809856174183
P2ry1,0.468187872526944,1.19187344767462e-06,0.0369221293838973,1.84436914428074e-06,0.655225659296678,0.468187872526944
Grip2,0.464289002888042,0.000750425000102149,0.043486390949931,0.0016355210759976,0.860564960064285,0.464289002888042
Adra1a,0.461305807628586,0.0022331575329805776,0.0172938640793835,0.0138277337425645,0.525981516805039,0.461305807628586
Lrp11,0.452758965899389,0.004110431471198981,0.0196400230975009,0.0241895560481011,0.846970086096768,0.452758965899389
Glt28d2,0.449934617567673,2.0621079301540186e-05,0.0265351622526604,5.3740603968171e-05,0.449934617567673,0.677555439331756
Myorg,0.446026699429392,6.087642048917197e-50,3.76383865081888e-06,1.35798656727956e-46,0.446026699429392,1.29268648802438
Bahcc1,0.441781131825025,1.708116976984792e-06,0.0024358306727211,4.09597110353463e-05,0.490726250576245,0.441781131825025
Stat5a,0.438595384121938,2.811518786453647e-28,0.0048813384988255,8.38779957386117e-28,0.438595384121938,0.917919330287048
Ddit4l,0.433442285502432,3.9832312112316276e-20,0.0102926697140832,7.80659748598802e-20,0.433442285502432,1.58705136697654
Ankrd9,0.432116934910144,3.287036143947636e-11,0.0359825133352005,3.2066538946221e-11,0.432116934910144,1.18088551135136
E130308A19Rik,0.431010546888462,0.0008399422019703073,0.0262696604332953,0.0030665856594022,0.431010546888462,0.599784585294124
Sox4,0.419967826529862,1.1783416644929734e-07,1.17775386061785e-06,0.0050157697225153,1.26464865611344,0.419967826529862
Tmem25,0.415012360580225,0.002518244414949215,0.0278264032064138,0.0098327074542916,0.597933867950395,0.415012360580225
Slc45a4,0.414519929648307,1.4348723506069246e-10,0.0067188041451307,7.921655719651e-10,0.414519929648307,0.798159450362369
Fam78a,0.391439290444021,3.0582209231887216e-12,0.0473465748387939,2.0872958614176098e-12,0.391439290444021,1.14126336674508
Smtn,0.381214907321063,1.1977265875584584e-19,0.0030198949914695,8.18614006068276e-19,0.381214907321063,0.549414683716468
Mrtfa,0.374348733312462,7.647544706943608e-15,0.0160739275481122,1.2817682606700701e-14,0.374348733312462,1.18904760828022
Pik3c2b,0.364767688706779,3.1022387052812133e-07,0.0167561776678051,9.7820326006537e-07,0.364767688706779,0.420599050247875
1110002E22Rik,0.351339473684327,6.180912922368921e-07,0.0001269404807714,0.0002675656181474,0.494402015973874,0.351339473684327
Rhbdl3,0.34965872157622,4.2532970643979885e-18,0.0286554420608135,3.3130670465584e-18,0.34965872157622,1.15948417586245
Vcf2,0.349257112258138,0.014841787869461467,0.0463907864132205,0.0445468562364542,0.349257112258138,0.364768696208904
Ncoa1,0.346554929169505,3.5859850483859905e-13,7.57691832022662e-06,1.42734669140933e-09,0.346554929169505,0.522362794551606
Tle1,0.342571170398611,6.401704951775202e-29,0.006690543041436,1.36360018556621e-28,0.342571170398611,0.816640292640131
Ahdc1,0.341010769011093,0.0020028140878040977,0.0172938640793835,0.0122417462303398,0.441010981845709,0.341010769011093
Arhgap20,0.340160479131586,3.082898680486235e-06,0.0053914739328821,3.46708077367185e-05,0.340160479131586,0.42730102150526
Slc35e4,0.330958817844985,9.730858661102026e-06,0.00557418354305,0.0001143535410961,0.330958817844985,0.553338713981508
Sh3bp5,0.328658871364834,2.446132360948129e-09,0.0078007162080525,1.30618783663901e-08,0.328658871364834,0.559952254893853
Klhl30,0.317593232589733,5.357279952526012e-06,0.0013226560947265,0.0002546841801966,0.468524771241574,0.317593232589733
Pde2a,0.314642018909931,1.6046619962824728e-18,0.0177362945550322,1.97549315448104e-18,0.314642018909931,0.710684806990775
Ccdc22,0.312773169146717,1.443344590693309e-06,0.0053082248449808,1.57178989378279e-05,0.312773169146717,0.317621614174455
Ptpn4,0.31196529842906,4.915490175612282e-05,0.000682983939369,0.0053212848583049,0.421266993550454,0.31196529842906
Smad1,0.31015766607185,5.466631136931047e-06,0.0059331605610173,5.80132871018651e-05,0.334629244792203,0.31015766607185
Clock,0.308872580949987,9.22850200403802e-09,1.00188403811145e-05,4.0721624846521e-05,0.377924369577695,0.308872580949987
Musk,0.307687002266107,5.571526566438377e-05,0.0228053464945655,0.0001824589650161,0.307687002266107,0.498156152914101
Styxl2,0.30623404724665,4.83328133541066e-06,2.31476439175172e-05,0.0130392141206352,0.449386024631534,0.30623404724665
Nav2,0.30579474466263,0.0012224438640545626,0.0146455228373539,0.0083380875860588,0.53443221326739,0.30579474466263
Adcy2,0.286685999341168,5.31646081991575e-06,0.0228053464945655,1.46510141620635e-05,0.286685999341168,0.3692823907335
Cxxc5,0.283269765758772,2.8219687432057803e-05,0.0154953669942495,0.0001289476995855,0.283269765758772,0.478745152949467
Zbtb7b,0.279248138724995,0.0033477907995635827,0.0135204954728801,0.0278723329612278,0.279248138724995,0.286542453433388
Camk2d,0.277391908493809,1.0329910213327785e-07,0.0222683545606833,2.30952513246527e-07,0.277391908493809,0.346475709549685
Mif4gd,0.273623677730695,0.0004924374264870365,0.0108421557086545,0.0041231916023395,0.273623677730695,0.343507353777443
Kank2,0.270581981403615,2.8417258382535126e-10,0.0001328771587056,8.14737907193609e-08,0.343806770031204,0.270581981403615
Sync,0.268607434263628,1.449172472088729e-08,0.0001205846887105,5.42631488574436e-06,0.321211136828911,0.268607434263628
Klf13,0.267596384002051,1.8062750637667352e-23,0.0196400230975009,1.6017311108042702e-23,0.267596384002051,0.615309422189902
Plpp7,0.267392815938768,1.2194778167282411e-08,0.0435184663922309,1.25501371795454e-08,0.267392815938768,0.505026824899952
Ndufaf4,0.266944371395042,0.0035001711301948747,0.0255943431906398,0.0154814904128595,0.266944371395042,0.320703072788913
Akap17b,0.261544993837941,0.00019410318501337205,0.0095077550049884,0.0016963323983383,0.555769635241258,0.261544993837941
Pgap4,0.237078937029307,7.236769737924764e-06,0.0013763687643738,0.0003374219134673,0.497329710586522,0.237078937029307
Aff1,0.230435965178024,1.1712129739772078e-06,0.0473465748387939,1.41186058865443e-06,0.230435965178024,0.355266950598702
Dpp8,0.228339450083721,7.357644728877146e-14,0.0266310927878563,7.94142075421614e-14,0.228339450083721,0.340793887221679
Fhip1a,0.213350801199769,0.002406644686425698,0.0197586181632609,0.0131612009676217,0.264318670945021,0.213350801199769
Ubac1,0.212758564541361,1.4240796643810042e-07,0.0092596404914863,7.78799734182494e-07,0.212758564541361,0.276458557597262
Tafa5,0.205229758868461,0.000845379833613644,0.002999323620929,0.0270511742937504,0.750807217275918,0.205229758868461
Nacc2,0.202865925172542,0.0007797086611375071,0.0078456745979501,0.0094568999180132,0.27887181691093,0.202865925172542
Pcf11,-0.188795568921907,0.0007785475209416796,0.0367695684697067,0.0020145370477011,-0.217989213469169,-0.188795568921907
Katnip,-0.191719745119006,0.0005462974295807052,0.0049307705337813,0.0101634039300204,-0.321998448217872,-0.191719745119006
Hlcs,-0.202960340176304,0.0011089892174952639,0.0143573352764062,0.0076335959098288,-0.374416485713986,-0.202960340176304
Ppp1r15b,-0.21428257389994,3.667308705072625e-06,0.0443394041156603,5.0718358693232e-06,-0.21428257389994,-0.240386899636752
Nup188,-0.23137451721408,5.5012364646083214e-05,0.0043565050356467,0.0009421172995319,-0.373479274716412,-0.23137451721408
Zfp869,-0.23985568302312,2.841625329134519e-06,0.0196400230975009,8.72687849346555e-06,-0.300486795938329,-0.23985568302312
Nr1d2,-0.310721160293608,0.0001812198532756584,0.0043024698624054,0.0034781667124352,-0.477345484796402,-0.310721160293608
Taf7,-0.319966180417715,6.293223801232793e-13,0.0473465748387939,4.08002998455385e-13,-0.319966180417715,-0.532697147167426
Ppfibp1,-0.334726489909884,7.29945986032187e-24,0.0103304448520821,1.21115928608369e-23,-0.334726489909884,-0.784522245940576
Rhbdd2,-0.339936044095161,0.00535446337326603,0.0344988122827502,0.0185824116503738,-0.350752082485772,-0.339936044095161
Tra2a,-0.353968204260867,1.151907521889463e-06,0.0002213667809107,0.0002966968851246,-0.472027196094931,-0.353968204260867
Lrrn4cl,-0.355018147893661,0.00014730541250088208,0.0071545422960933,0.0016690936816763,-0.514811030756076,-0.355018147893661
Pnrc1,-0.367232941453313,1.1310303386561054e-17,0.0206543391871416,1.25021371588875e-17,-0.367232941453313,-0.561971728426811
Kcnj2,-0.37003916591867,3.5071393573210725e-13,0.0146428649331042,7.21839137796044e-13,-0.37003916591867,-0.818335221508669
Dnajb9,-0.381530135292332,1.392971391418856e-09,7.50624349687096e-05,7.54543566488835e-07,-0.38800559985789,-0.381530135292332
Nqo1,-0.411221471908771,1.84621562546188e-23,0.0203642313121126,1.57953957427371e-23,-0.411221471908771,-1.31925666871594
Tspan4,-0.412687382085595,0.00047019745548005417,0.0017897327297511,0.0237405776452941,-0.637630482922155,-0.412687382085595
Sertad1,-0.416733221625266,0.001032176760783408,0.0214400253691606,0.0047206379893267,-0.416733221625266,-0.583502018650224
Stk35,-0.418644071666279,5.5932540864381074e-06,0.0436148499712136,8.08709900051183e-06,-0.51365312321134,-0.418644071666279
Gfpt2,-0.421250094120389,0.001745856595702255,0.0436148499712136,0.0041637405849541,-0.521165700790642,-0.421250094120389
Klf2,-0.431459178610917,1.751488554651945e-05,9.51683015111954e-05,0.0125746057656397,-0.599310656652754,-0.431459178610917
Fzd7,-0.441850370877618,1.9161954989496896e-11,0.0106985709683487,6.16612907665926e-11,-0.441850370877618,-0.726756003794813
Ppp1r15a,-0.446284203100051,5.906830202766654e-25,0.0121034477436249,8.01390887637573e-25,-0.446284203100051,-1.3231312186676
Pik3ip1,-0.453368291303577,0.0024841692240947584,0.0109953775326113,0.0245065852547846,-0.482474379088597,-0.453368291303577
Per3,-0.465878241537091,3.203634130364094e-11,1.4467924002632902e-09,0.0007765509211122,-1.34887402069393,-0.465878241537091
Epha2,-0.466191426737924,0.001681935037973458,0.0265351622526604,0.006564789856956,-0.545698765292355,-0.466191426737924
Crim1,-0.472883268301191,9.887141346016314e-16,2.45968094625221e-06,1.0249252210067399e-11,-0.472883268301191,-0.669920656327716
Retreg1,-0.514689133359588,3.24481354238705e-10,0.0095077550049884,1.3070303411264302e-09,-0.514689133359588,-0.913396686176872
Slc19a2,-0.525496531519475,9.737725284116598e-09,0.0063500138465825,6.79633110628695e-08,-0.525496531519475,-0.841192238541985
Ier3,-0.555611840479298,7.443791984872395e-12,0.0325585548178981,7.61440638287675e-12,-0.555611840479298,-0.947673272156804
Zfr2,-0.636872769451549,5.773157855329169e-07,0.0147912112581843,2.1363268802748e-06,-0.636872769451549,-0.89148124296822
Arid5a,-0.647473460848001,0.006560787081515782,0.0469952242735626,0.0171904295929477,-0.647473460848001,-0.79045294272244
Gja5,-0.663686988849743,1.9748241822704366e-05,0.0448296035774194,3.03657099222824e-05,-0.721992339259239,-0.663686988849743
Gabarapl1,-0.709211704572443,5.653519972132887e-48,1.26906260308957e-06,3.8896140798619996e-44,-0.709211704572443,-1.57808771509867
Klf4,-0.710515773482908,3.579467080150126e-06,0.0039885041144458,5.4945059875386e-05,-0.710515773482908,-1.14830773614019
Serpine1,-0.728367521565492,2.255200753963863e-21,0.0042584555624678,1.00869087150618e-20,-0.728367521565492,-1.96864145471585
Osgin1,-0.777535685689954,1.2984962346036242e-08,5.28279568589114e-06,0.0001104092472391,-0.777535685689954,-0.942368460741091
Ptp4a1,-0.822952176608117,8.200656422574996e-05,0.0028946739079145,0.0021840370794247,-1.16379248337596,-0.822952176608117
Lrrc32,-0.824624013454046,1.6247783436133266e-08,0.0044465045763617,1.65885368532488e-07,-0.824624013454046,-1.01682494968534
Bcl6b,-0.868618404937356,6.559403959200867e-08,0.0080883679643483,3.94376393615232e-07,-0.868618404937356,-0.930080989230988
Id1,-0.902928279598271,1.902800435835784e-20,0.0006576675063334,5.74892372268824e-19,-0.902928279598271,-1.3873423217468
Adamts1,-0.924067264985302,8.775118422464474e-33,2.57748871818781e-07,4.29944424738809e-28,-0.924067264985302,-1.20582932278465
Per2,-1.10465256890928,3.659948150374943e-11,6.66993226722536e-08,1.93372144596628e-05,-1.52555147167128,-1.10465256890928
Plaur,-1.10806555942523,3.362502106145969e-05,0.0010982850690174,0.0021971134043005,-1.29306453890788,-1.10806555942523
Apold1,-1.11037816018775,5.074881583004804e-11,0.0019343298145009,9.35735869985131e-10,-1.11037816018775,-2.11246709328263
Arc,-1.16023330213922,7.741883319095209e-15,0.0440421205088886,4.7373485803656905e-15,-1.16023330213922,-1.89552416729021
Plk3,-1.16173916785961,2.9711395934809556e-08,0.0340832404268934,4.07447989177991e-08,-1.16173916785961,-1.45164159125825
Ciart,-1.47558374084439,2.861171456599778e-24,0.0012180557815102,3.96160370566688e-23,-1.47558374084439,-2.91176383307706
Gm5532,-1.63450750862942,3.0019978523542854e-98,0.0248879478575622,5.22174858831961e-99,-1.63450750862942,-2.06503935473403
Dbp,-1.674101533982,4.955123527022244e-08,0.0007039157455606,3.37490245862754e-06,-1.674101533982,-1.70855809910195
